{"cameraMode":{"drawMode":0,"name":"Shaded","section":"Shading Mode"},"sceneLighting":false,"audioPlay":false,"sceneViewState":{"m_AlwaysRefresh":true,"showFog":true,"showSkybox":true,"showFlares":true,"showImageEffects":true,"showParticleSystems":true,"showVisualEffectGraphs":true,"m_FxEnabled":true},"in2DMode":false,"pivot":{"x":-0.19153115153312684,"y":0.009764209389686585,"z":0.004525184631347656},"rotation":{"x":-0.01890215277671814,"y":-0.002071461407467723,"z":0.0001303905446548015,"w":0.9999104142189026},"size":1.1785409450531006,"orthographic":true}