{"cameraMode":{"drawMode":0,"name":"Shaded","section":"Shading Mode"},"sceneLighting":false,"audioPlay":false,"sceneViewState":{"m_AlwaysRefresh":true,"showFog":true,"showSkybox":true,"showFlares":true,"showImageEffects":true,"showParticleSystems":true,"showVisualEffectGraphs":true,"m_FxEnabled":true},"in2DMode":false,"pivot":{"x":2.2899999618530275,"y":0.6790840029716492,"z":1.9172630310058594},"rotation":{"x":0.06640967726707459,"y":-0.06337789446115494,"z":0.004416957963258028,"w":0.995867908000946},"size":0.4759643077850342,"orthographic":true}