{"cameraMode":{"drawMode":0,"name":"Shaded","section":"Shading Mode"},"sceneLighting":false,"audioPlay":false,"sceneViewState":{"m_AlwaysRefresh":true,"showFog":true,"showSkybox":true,"showFlares":true,"showImageEffects":true,"showParticleSystems":true,"showVisualEffectGraphs":true,"m_FxEnabled":true},"in2DMode":false,"pivot":{"x":3.3067305088043215,"y":0.38657647371292117,"z":1.9499235153198243},"rotation":{"x":0.05743810534477234,"y":-0.06490957736968994,"z":0.0039342837408185009,"w":0.9963235259056091},"size":1.844071626663208,"orthographic":true}